unique_id,best_model,best_smape,ml_smape,dl_smape,family,model_key,chosen_smape,cv_smape_stat,cv_smape_ml,cv_smape_dl
Argentina_Kagglazon_Using LLMs to Improve Your Coding,Prophet_tuned,0.0839189873840698,0.1141169741651506,0.0628773477552861,dl,dl,0.0628773477552861,0.0839189873840698,0.1141169741651506,0.0628773477552861
Argentina_Kagglazon_Using LLMs to Train More LLMs,Prophet_tuned,0.075858577959982,0.1183688151618686,0.072972832204726,dl,dl,0.072972832204726,0.075858577959982,0.1183688151618686,0.072972832204726
Argentina_Kagglazon_Using LLMs to Win Friends and Influence People,Prophet_tuned,0.0822264887755017,0.1020983107243447,0.0731746600590551,dl,dl,0.0731746600590551,0.0822264887755017,0.1020983107243447,0.0731746600590551
Argentina_Kagglazon_Using LLMs to Win More Kaggle Competitions,Prophet_tuned,0.1120532066759918,0.1076890695224273,0.0681597333052682,dl,dl,0.0681597333052682,0.1120532066759918,0.1076890695224273,0.0681597333052682
Argentina_Kagglazon_Using LLMs to Write Better,Prophet_plain,0.0909720918090331,0.0750038463924015,0.0701341436924773,dl,dl,0.0701341436924773,0.0909720918090331,0.0750038463924015,0.0701341436924773
Argentina_Kaggle Learn_Using LLMs to Improve Your Coding,Prophet_tuned,0.0941027989933865,0.1025577049585359,0.0735909582024834,dl,dl,0.0735909582024834,0.0941027989933865,0.1025577049585359,0.0735909582024834
Argentina_Kaggle Learn_Using LLMs to Train More LLMs,Prophet_tuned,0.0818758838970743,0.1265896553867539,0.0797195775939297,dl,dl,0.0797195775939297,0.0818758838970743,0.1265896553867539,0.0797195775939297
Argentina_Kaggle Learn_Using LLMs to Win Friends and Influence People,Prophet_tuned,0.0971290372989319,0.1167688136014725,0.0723120122017983,dl,dl,0.0723120122017983,0.0971290372989319,0.1167688136014725,0.0723120122017983
Argentina_Kaggle Learn_Using LLMs to Win More Kaggle Competitions,Prophet_tuned,0.1059518273034517,0.1195470832183703,0.0778572883710307,dl,dl,0.0778572883710307,0.1059518273034517,0.1195470832183703,0.0778572883710307
Argentina_Kaggle Learn_Using LLMs to Write Better,Prophet_plain,0.10185862197126,0.1277970647850084,0.0644635124632297,dl,dl,0.0644635124632297,0.10185862197126,0.1277970647850084,0.0644635124632297
Argentina_Kaggle Store_Using LLMs to Improve Your Coding,Prophet_plain,0.1023617179692047,0.0985090790636657,0.0670520840733576,dl,dl,0.0670520840733576,0.1023617179692047,0.0985090790636657,0.0670520840733576
Argentina_Kaggle Store_Using LLMs to Train More LLMs,Prophet_tuned,0.0788130820170306,0.1270967481540236,0.0767864718354944,dl,dl,0.0767864718354944,0.0788130820170306,0.1270967481540236,0.0767864718354944
Argentina_Kaggle Store_Using LLMs to Win Friends and Influence People,Prophet_tuned,0.0926338649729766,0.1138340960488925,0.0813962817849491,dl,dl,0.0813962817849491,0.0926338649729766,0.1138340960488925,0.0813962817849491
Argentina_Kaggle Store_Using LLMs to Win More Kaggle Competitions,Prophet_tuned,0.1018263464907353,0.0774866353463226,0.072453918817699,dl,dl,0.072453918817699,0.1018263464907353,0.0774866353463226,0.072453918817699
Argentina_Kaggle Store_Using LLMs to Write Better,Prophet_plain,0.1010964049551329,0.1093091011648966,0.0622640320702698,dl,dl,0.0622640320702698,0.1010964049551329,0.1093091011648966,0.0622640320702698
Canada_Kagglazon_Using LLMs to Improve Your Coding,Prophet_tuned,0.029098633010297,0.0428773700279602,0.0249298338303883,dl,dl,0.0249298338303883,0.029098633010297,0.0428773700279602,0.0249298338303883
Canada_Kagglazon_Using LLMs to Train More LLMs,Prophet_plain,0.033420487677427,0.0609252125231724,0.04352393217058,stat,Prophet_plain,0.033420487677427,0.033420487677427,0.0609252125231724,0.04352393217058
Canada_Kagglazon_Using LLMs to Win Friends and Influence People,Prophet_plain,0.0289694114287132,0.0514838073937434,0.0445933929421828,stat,Prophet_plain,0.0289694114287132,0.0289694114287132,0.0514838073937434,0.0445933929421828
Canada_Kagglazon_Using LLMs to Win More Kaggle Competitions,Prophet_tuned,0.0281719295658118,0.0580654954266294,0.0276165074402327,dl,dl,0.0276165074402327,0.0281719295658118,0.0580654954266294,0.0276165074402327
Canada_Kagglazon_Using LLMs to Write Better,Prophet_tuned,0.0268041180997404,0.0602046168242956,0.0345446399540272,stat,Prophet_tuned,0.0268041180997404,0.0268041180997404,0.0602046168242956,0.0345446399540272
Canada_Kaggle Learn_Using LLMs to Improve Your Coding,Prophet_tuned,0.029661540373991,0.0438237180279657,0.026838089266055,dl,dl,0.026838089266055,0.029661540373991,0.0438237180279657,0.026838089266055
Canada_Kaggle Learn_Using LLMs to Train More LLMs,Prophet_tuned,0.0284874952263087,0.0744312848495862,0.0493839617445393,stat,Prophet_tuned,0.0284874952263087,0.0284874952263087,0.0744312848495862,0.0493839617445393
Canada_Kaggle Learn_Using LLMs to Win Friends and Influence People,Prophet_tuned,0.0287947544272928,0.0554052309714667,0.0389990806006277,stat,Prophet_tuned,0.0287947544272928,0.0287947544272928,0.0554052309714667,0.0389990806006277
Canada_Kaggle Learn_Using LLMs to Win More Kaggle Competitions,Prophet_tuned,0.0270839390025817,0.039823975754606,0.0280379473384331,stat,Prophet_tuned,0.0270839390025817,0.0270839390025817,0.039823975754606,0.0280379473384331
Canada_Kaggle Learn_Using LLMs to Write Better,Prophet_tuned,0.0261435323162491,0.0300148367525793,0.0273322977662829,stat,Prophet_tuned,0.0261435323162491,0.0261435323162491,0.0300148367525793,0.0273322977662829
Canada_Kaggle Store_Using LLMs to Improve Your Coding,Prophet_plain,0.0273502866983813,0.0492782758993502,0.0258329437918079,dl,dl,0.0258329437918079,0.0273502866983813,0.0492782758993502,0.0258329437918079
Canada_Kaggle Store_Using LLMs to Train More LLMs,Prophet_tuned,0.0280679851657781,0.0749234239859484,0.0488969823710615,stat,Prophet_tuned,0.0280679851657781,0.0280679851657781,0.0749234239859484,0.0488969823710615
Canada_Kaggle Store_Using LLMs to Win Friends and Influence People,Prophet_plain,0.0273287144305679,0.0401836256290567,0.0535402938930322,stat,Prophet_plain,0.0273287144305679,0.0273287144305679,0.0401836256290567,0.0535402938930322
Canada_Kaggle Store_Using LLMs to Win More Kaggle Competitions,Prophet_tuned,0.0265582177075161,0.0462761740994095,0.0262493419770671,dl,dl,0.0262493419770671,0.0265582177075161,0.0462761740994095,0.0262493419770671
Canada_Kaggle Store_Using LLMs to Write Better,Prophet_tuned,0.0269922673517604,0.0356600531903767,0.0271306794689617,stat,Prophet_tuned,0.0269922673517604,0.0269922673517604,0.0356600531903767,0.0271306794689617
Estonia_Kagglazon_Using LLMs to Improve Your Coding,Prophet_tuned,0.0460255339403272,0.0493544277672539,0.0390005630766474,dl,dl,0.0390005630766474,0.0460255339403272,0.0493544277672539,0.0390005630766474
Estonia_Kagglazon_Using LLMs to Train More LLMs,Prophet_tuned,0.0366689631479339,0.06015047516942,0.0529986765615411,stat,Prophet_tuned,0.0366689631479339,0.0366689631479339,0.06015047516942,0.0529986765615411
Estonia_Kagglazon_Using LLMs to Win Friends and Influence People,Prophet_tuned,0.0364643472094651,0.0615741599387664,0.0604408711158519,stat,Prophet_tuned,0.0364643472094651,0.0364643472094651,0.0615741599387664,0.0604408711158519
Estonia_Kagglazon_Using LLMs to Win More Kaggle Competitions,Prophet_tuned,0.0433897992102174,0.0500990879615741,0.0297434406372311,dl,dl,0.0297434406372311,0.0433897992102174,0.0500990879615741,0.0297434406372311
Estonia_Kagglazon_Using LLMs to Write Better,Prophet_tuned,0.0392697389708013,0.052376570053705,0.0358010814390394,dl,dl,0.0358010814390394,0.0392697389708013,0.052376570053705,0.0358010814390394
Estonia_Kaggle Learn_Using LLMs to Improve Your Coding,Prophet_tuned,0.0452244556355517,0.0590374724996595,0.0377714641041195,dl,dl,0.0377714641041195,0.0452244556355517,0.0590374724996595,0.0377714641041195
Estonia_Kaggle Learn_Using LLMs to Train More LLMs,Prophet_tuned,0.0442364708912582,0.0827060763081536,0.0597949201545395,stat,Prophet_tuned,0.0442364708912582,0.0442364708912582,0.0827060763081536,0.0597949201545395
Estonia_Kaggle Learn_Using LLMs to Win Friends and Influence People,Prophet_tuned,0.0342013220009632,0.0865007498236014,0.0570871837931147,stat,Prophet_tuned,0.0342013220009632,0.0342013220009632,0.0865007498236014,0.0570871837931147
Estonia_Kaggle Learn_Using LLMs to Win More Kaggle Competitions,Prophet_tuned,0.0421259240737657,0.0595229642851666,0.0317126891494895,dl,dl,0.0317126891494895,0.0421259240737657,0.0595229642851666,0.0317126891494895
Estonia_Kaggle Learn_Using LLMs to Write Better,Prophet_plain,0.0414999701122809,0.0445485838337238,0.036800642374534,dl,dl,0.036800642374534,0.0414999701122809,0.0445485838337238,0.036800642374534
Estonia_Kaggle Store_Using LLMs to Improve Your Coding,Prophet_tuned,0.0423584508339288,0.0464327202088892,0.0319692855916854,dl,dl,0.0319692855916854,0.0423584508339288,0.0464327202088892,0.0319692855916854
Estonia_Kaggle Store_Using LLMs to Train More LLMs,Prophet_tuned,0.0391851909741334,0.0703755459675732,0.0629088741397425,stat,Prophet_tuned,0.0391851909741334,0.0391851909741334,0.0703755459675732,0.0629088741397425
Estonia_Kaggle Store_Using LLMs to Win Friends and Influence People,Prophet_tuned,0.0335534386676538,0.0715633026550834,0.0507374391537508,stat,Prophet_tuned,0.0335534386676538,0.0335534386676538,0.0715633026550834,0.0507374391537508
Estonia_Kaggle Store_Using LLMs to Win More Kaggle Competitions,Prophet_tuned,0.0441320145911475,0.0563934844573939,0.0325555089029115,dl,dl,0.0325555089029115,0.0441320145911475,0.0563934844573939,0.0325555089029115
Estonia_Kaggle Store_Using LLMs to Write Better,Prophet_plain,0.0415186391704047,0.0372701129459239,0.036128077827148,dl,dl,0.036128077827148,0.0415186391704047,0.0372701129459239,0.036128077827148
Japan_Kagglazon_Using LLMs to Improve Your Coding,Prophet_tuned,0.0284949901424423,0.0376603352956126,0.0281549997821275,dl,dl,0.0281549997821275,0.0284949901424423,0.0376603352956126,0.0281549997821275
Japan_Kagglazon_Using LLMs to Train More LLMs,Prophet_tuned,0.0307823790642249,0.0512036173853047,0.0309124182750902,stat,Prophet_tuned,0.0307823790642249,0.0307823790642249,0.0512036173853047,0.0309124182750902
Japan_Kagglazon_Using LLMs to Win Friends and Influence People,Prophet_tuned,0.0302048098266007,0.0422847065916986,0.0312754301112023,stat,Prophet_tuned,0.0302048098266007,0.0302048098266007,0.0422847065916986,0.0312754301112023
Japan_Kagglazon_Using LLMs to Win More Kaggle Competitions,Prophet_tuned,0.02639461300977,0.0303723977161137,0.0270466436594465,stat,Prophet_tuned,0.02639461300977,0.02639461300977,0.0303723977161137,0.0270466436594465
Japan_Kagglazon_Using LLMs to Write Better,Prophet_tuned,0.0259411676061555,0.036577332431904,0.0337445990791537,stat,Prophet_tuned,0.0259411676061555,0.0259411676061555,0.036577332431904,0.0337445990791537
Japan_Kaggle Learn_Using LLMs to Improve Your Coding,Prophet_plain,0.0285761122703981,0.0326921616926915,0.0299045746258922,stat,Prophet_plain,0.0285761122703981,0.0285761122703981,0.0326921616926915,0.0299045746258922
Japan_Kaggle Learn_Using LLMs to Train More LLMs,Prophet_tuned,0.0306137476287822,0.0549684375404279,0.0327300715153849,stat,Prophet_tuned,0.0306137476287822,0.0306137476287822,0.0549684375404279,0.0327300715153849
Japan_Kaggle Learn_Using LLMs to Win Friends and Influence People,Prophet_tuned,0.0296076576030644,0.0551371103610195,0.0323807137841303,stat,Prophet_tuned,0.0296076576030644,0.0296076576030644,0.0551371103610195,0.0323807137841303
Japan_Kaggle Learn_Using LLMs to Win More Kaggle Competitions,Prophet_plain,0.0267575188221853,0.0324432627439935,0.0282476683033758,stat,Prophet_plain,0.0267575188221853,0.0267575188221853,0.0324432627439935,0.0282476683033758
Japan_Kaggle Learn_Using LLMs to Write Better,Prophet_plain,0.026251326587194,0.0282793351321336,0.0334658713342748,stat,Prophet_plain,0.026251326587194,0.026251326587194,0.0282793351321336,0.0334658713342748
Japan_Kaggle Store_Using LLMs to Improve Your Coding,Prophet_tuned,0.0279508073358683,0.0299303098599984,0.0316160548140824,stat,Prophet_tuned,0.0279508073358683,0.0279508073358683,0.0299303098599984,0.0316160548140824
Japan_Kaggle Store_Using LLMs to Train More LLMs,Prophet_tuned,0.0320740734995429,0.037840230397462,0.0339288565042662,stat,Prophet_tuned,0.0320740734995429,0.0320740734995429,0.037840230397462,0.0339288565042662
Japan_Kaggle Store_Using LLMs to Win Friends and Influence People,Prophet_plain,0.0281161892033964,0.0314566087519376,0.0319858767093892,stat,Prophet_plain,0.0281161892033964,0.0281161892033964,0.0314566087519376,0.0319858767093892
Japan_Kaggle Store_Using LLMs to Win More Kaggle Competitions,Prophet_tuned,0.0270899286277521,0.0320697501842816,0.0295420190224716,stat,Prophet_tuned,0.0270899286277521,0.0270899286277521,0.0320697501842816,0.0295420190224716
Japan_Kaggle Store_Using LLMs to Write Better,Prophet_plain,0.0268284247899494,0.030411353010381,0.0331559110454082,stat,Prophet_plain,0.0268284247899494,0.0268284247899494,0.030411353010381,0.0331559110454082
Spain_Kagglazon_Using LLMs to Improve Your Coding,Prophet_tuned,0.0365915115584548,0.0407559712049134,0.0297220301042081,dl,dl,0.0297220301042081,0.0365915115584548,0.0407559712049134,0.0297220301042081
Spain_Kagglazon_Using LLMs to Train More LLMs,Prophet_tuned,0.040492607940675,0.0644075484901645,0.0578810001831492,stat,Prophet_tuned,0.040492607940675,0.040492607940675,0.0644075484901645,0.0578810001831492
Spain_Kagglazon_Using LLMs to Win Friends and Influence People,Prophet_tuned,0.0433613598579762,0.0691937777071064,0.0602190831952331,stat,Prophet_tuned,0.0433613598579762,0.0433613598579762,0.0691937777071064,0.0602190831952331
Spain_Kagglazon_Using LLMs to Win More Kaggle Competitions,Prophet_plain,0.0380451920106774,0.0399104008314603,0.0337834595400856,dl,dl,0.0337834595400856,0.0380451920106774,0.0399104008314603,0.0337834595400856
Spain_Kagglazon_Using LLMs to Write Better,Prophet_plain,0.0423427938957797,0.0410826829358089,0.0366526009804577,dl,dl,0.0366526009804577,0.0423427938957797,0.0410826829358089,0.0366526009804577
Spain_Kaggle Learn_Using LLMs to Improve Your Coding,Prophet_tuned,0.0382440415840002,0.0519222900094166,0.0384787128683421,stat,Prophet_tuned,0.0382440415840002,0.0382440415840002,0.0519222900094166,0.0384787128683421
Spain_Kaggle Learn_Using LLMs to Train More LLMs,Prophet_plain,0.0364714125666547,0.0732530346211096,0.0637161654987837,stat,Prophet_plain,0.0364714125666547,0.0364714125666547,0.0732530346211096,0.0637161654987837
Spain_Kaggle Learn_Using LLMs to Win Friends and Influence People,Prophet_plain,0.0359551386079901,0.0906173108176198,0.0565526465692494,stat,Prophet_plain,0.0359551386079901,0.0359551386079901,0.0906173108176198,0.0565526465692494
Spain_Kaggle Learn_Using LLMs to Win More Kaggle Competitions,Prophet_tuned,0.0364368156381995,0.0441622138978643,0.0372436802575767,stat,Prophet_tuned,0.0364368156381995,0.0364368156381995,0.0441622138978643,0.0372436802575767
Spain_Kaggle Learn_Using LLMs to Write Better,Prophet_tuned,0.035123671912157,0.0379982978768666,0.0333929789571733,dl,dl,0.0333929789571733,0.035123671912157,0.0379982978768666,0.0333929789571733
Spain_Kaggle Store_Using LLMs to Improve Your Coding,Prophet_tuned,0.0368111799621808,0.0487011182026843,0.0372227055276046,stat,Prophet_tuned,0.0368111799621808,0.0368111799621808,0.0487011182026843,0.0372227055276046
Spain_Kaggle Store_Using LLMs to Train More LLMs,Prophet_tuned,0.0375505155053286,0.0727360252343164,0.0632448647253374,stat,Prophet_tuned,0.0375505155053286,0.0375505155053286,0.0727360252343164,0.0632448647253374
Spain_Kaggle Store_Using LLMs to Win Friends and Influence People,Prophet_tuned,0.0478716062209632,0.0705757737603816,0.0710813827561638,stat,Prophet_tuned,0.0478716062209632,0.0478716062209632,0.0705757737603816,0.0710813827561638
Spain_Kaggle Store_Using LLMs to Win More Kaggle Competitions,Prophet_tuned,0.0414526994674878,0.0567913644261161,0.0366664606900446,dl,dl,0.0366664606900446,0.0414526994674878,0.0567913644261161,0.0366664606900446
Spain_Kaggle Store_Using LLMs to Write Better,Prophet_tuned,0.0407591747198012,0.0446120757114203,0.0362305144425662,dl,dl,0.0362305144425662,0.0407591747198012,0.0446120757114203,0.0362305144425662
